{
  "hash": "e8d1cf12",
  "configHash": "5dd8acea",
  "lockfileHash": "e3b0c442",
  "browserHash": "a20c35a9",
  "optimized": {
    "@angular/core": {
      "src": "../../../../../../angular18/node_modules/@angular/core/fesm2022/core.mjs",
      "file": "@angular_core.js",
      "fileHash": "0dec90cd",
      "needsInterop": false
    },
    "@angular/platform-browser": {
      "src": "../../../../../../angular18/node_modules/@angular/platform-browser/fesm2022/platform-browser.mjs",
      "file": "@angular_platform-browser.js",
      "fileHash": "bc583ba1",
      "needsInterop": false
    },
    "@angular/router": {
      "src": "../../../../../../angular18/node_modules/@angular/router/fesm2022/router.mjs",
      "file": "@angular_router.js",
      "fileHash": "2a6897d8",
      "needsInterop": false
    },
    "@angular/common/http": {
      "src": "../../../../../../angular18/node_modules/@angular/common/fesm2022/http.mjs",
      "file": "@angular_common_http.js",
      "fileHash": "b4d8979e",
      "needsInterop": false
    },
    "@angular/forms": {
      "src": "../../../../../../angular18/node_modules/@angular/forms/fesm2022/forms.mjs",
      "file": "@angular_forms.js",
      "fileHash": "bc10ece3",
      "needsInterop": false
    },
    "@angular/common": {
      "src": "../../../../../../angular18/node_modules/@angular/common/fesm2022/common.mjs",
      "file": "@angular_common.js",
      "fileHash": "75ca7cb7",
      "needsInterop": false
    }
  },
  "chunks": {
    "chunk-EBSNILOX": {
      "file": "chunk-EBSNILOX.js"
    },
    "chunk-IPZ2AHD2": {
      "file": "chunk-IPZ2AHD2.js"
    },
    "chunk-DXAAZH6T": {
      "file": "chunk-DXAAZH6T.js"
    },
    "chunk-RER7N4J3": {
      "file": "chunk-RER7N4J3.js"
    }
  }
}